#,First name,Last name,Birthdate
1,John,Doe,1/23/1967
2,Adam,Petr,5/23/1975
3,Jinÿ,Partida,3/15/1980
4,Scott,Lucas,4/1/1985
5,Alta,Olson,6/14/1975
6,Arthur,Sullivan,4/26/1982
7,Robert,Suarez,4/11/1975
8,Timothyÿ,Johns,10/7/1985
9,Oliveÿ,Tucker,12/25/1986
10,Lela,Coleman,4/20/1977
11,Maurice,Elam,4/2/1981
12,Charlesÿ,Delacruz,1/18/1975
13,Brandenÿ,Webster,7/3/1964
14,Bennieÿ,Morley,12/25/1986
15,Jacob,Sanders,4/20/1936
16,Perryÿ,Haley,4/26/1982
17,Emmaÿ,White,4/3/1955
18,Bryan ,Baldridge,4/16/1952
19,Tom,Stennis,1/27/1985
20,Mike,O'Connor,12/20/1977